coordinate	found	licence	licence_class	latest_version	latest_release	repo	repo_archived	repo_last_push	maintained
builtin:clippy	n/a								
builtin:rustc	n/a								
builtin:rustfmt	n/a								
builtin:tsc	n/a								
crates:cargo-audit	yes	Apache-2.0 OR MIT	permissive-or-weak	0.22.2	2026-06-05	rustsec/rustsec	false	2026-10-03	yes
crates:cargo-deny	yes	MIT OR Apache-2.0	permissive-or-weak	0.20.2	2026-07-09	EmbarkStudios/cargo-deny	false	2026-10-07	yes
crates:cargo-geiger	yes	Apache-2.0 OR MIT	permissive-or-weak	0.13.0	2025-08-31	rust-secure-code/cargo-geiger	false	2026-09-14	yes
crates:cargo-machete	yes	MIT	permissive-or-weak	0.9.2	2026-04-15	bnjbvr/cargo-machete	false	2026-09-07	yes
crates:cargo-modules	yes	MPL-2.0	permissive-or-weak	0.27.0	2026-08-03	regexident/cargo-modules	false	2026-10-05	yes
crates:cargo-public-api	yes	MIT	permissive-or-weak	0.52.0	2026-05-25	cargo-public-api/cargo-public-api	false	2026-09-21	yes
crates:cargo-semver-checks	yes	Apache-2.0 OR MIT	permissive-or-weak	0.51.0	2026-10-03	obi1kenobi/cargo-semver-checks	false	2026-10-05	yes
crates:lychee	yes	Apache-2.0 OR MIT	permissive-or-weak	0.24.2	2026-05-01	lycheeverse/lychee	false	2026-10-05	yes
github:bufbuild/buf	yes	Apache-2.0	permissive-or-weak	v1.73.0	2026-09-11	bufbuild/buf	false	2026-10-07	yes
github:gitleaks/gitleaks	yes	MIT	permissive-or-weak	v8.30.1	2026-03-21	gitleaks/gitleaks	false	2026-09-30	yes
github:google/osv-scanner	yes	Apache-2.0	permissive-or-weak	v2.6.0	2026-09-14	google/osv-scanner	false	2026-10-07	yes
github:rust-lang/miri	yes	Apache-2.0	permissive-or-weak			rust-lang/miri	false	2026-10-07	yes
github:sbdchd/squawk	yes	Apache-2.0	permissive-or-weak	v2.67.0	2026-10-04	sbdchd/squawk	false	2026-10-05	yes
npm:@cyclonedx/cyclonedx-npm	yes	Apache-2.0	permissive-or-weak	6.0.1	2026-08-11	CycloneDX/cyclonedx-node-npm	false	2026-10-03	yes
npm:@microsoft/api-extractor	yes	MIT	permissive-or-weak	7.59.4	2026-10-06	microsoft/rushstack	false	2026-10-07	yes
npm:dependency-cruiser	yes	MIT	permissive-or-weak	18.5.0	2026-09-30	sverweij/dependency-cruiser	false	2026-10-01	yes
npm:eslint	yes	MIT	permissive-or-weak	10.12.0	2026-10-02	eslint/eslint	false	2026-10-07	yes
npm:eslint-plugin-import	yes	MIT	permissive-or-weak	2.32.0	2025-06-20	import-js/eslint-plugin-import	false	2026-08-23	yes
npm:eslint-plugin-jsdoc	yes	BSD-3-Clause	permissive-or-weak	65.2.0	2026-10-07	gajus/eslint-plugin-jsdoc	false	2026-10-07	yes
npm:eslint-plugin-sonarjs	yes	LGPL-3.0-only	copyleft-or-restricted (check)	4.2.2	2026-09-28	SonarSource/SonarJS	false	2026-10-07	yes
npm:jscpd	yes	MIT	permissive-or-weak	5.4.0	2026-09-30	kucherenko/jscpd	false	2026-10-07	yes
npm:knip	yes	ISC	permissive-or-weak	6.40.0	2026-10-06	webpro-nl/knip	false	2026-10-07	yes
npm:license-checker-rseidelsohn	yes	BSD-3-Clause	permissive-or-weak	5.0.1	2026-05-27	RSeidelsohn/license-checker-rseidelsohn	false	2026-10-07	yes
npm:npm	yes	Artistic-2.0	other (check)	12.2.0	2026-09-30	npm/cli	false	2026-10-06	yes
npm:prettier	yes	MIT	permissive-or-weak	3.9.9	2026-09-23	prettier/prettier	false	2026-10-06	yes
npm:squawk-cli	yes	(Apache-2.0 OR MIT)	permissive-or-weak	2.67.0	2026-10-04	sbdchd/squawk	false	2026-10-05	yes
npm:typedoc	yes	Apache-2.0	permissive-or-weak	0.28.20	2026-07-05	TypeStrong/TypeDoc	false	2026-07-13	yes
npm:typescript-eslint	yes	MIT	permissive-or-weak	8.71.1	2026-10-05	typescript-eslint/typescript-eslint	false	2026-10-07	yes
pypi:bandit	yes	Apache-2.0	permissive-or-weak	1.9.4	2026-02-25	PyCQA/bandit	false	2026-10-06	yes
pypi:checkov	yes	Apache License 2.0	permissive-or-weak	3.3.26	2026-10-07	bridgecrewio/checkov	false	2026-10-07	yes
pypi:complexipy	yes	MIT	permissive-or-weak	8.0.1	2026-09-07	rohaquinlop/complexipy	false	2026-10-01	yes
pypi:deptry	yes	MIT	permissive-or-weak	0.25.1	2026-03-18	osprey-oss/deptry	false	2026-10-07	yes
pypi:django-migration-linter	yes	Apache-2.0	permissive-or-weak	6.0.0	2026-01-04	3YOURMIND/django-migration-linter	false	2026-09-19	yes
pypi:griffe	yes	ISC	permissive-or-weak	2.3.2	2026-10-06	mkdocstrings/griffe	false	2026-10-06	yes
pypi:import-linter	yes	BSD 2-Clause License	permissive-or-weak	2.15	2026-09-04	seddonym/import-linter	false	2026-09-16	yes
pypi:pylint	yes	GPL-2.0-or-later	copyleft-or-restricted (check)	4.1.2	2026-10-02	pylint-dev/pylint	false	2026-10-07	yes
pypi:pyright	yes	MIT	permissive-or-weak	1.1.414	2026-09-10	RobertCraigie/pyright-python	false	2026-09-10	yes
pypi:ruff	yes	MIT	permissive-or-weak	0.16.10	2026-10-01	astral-sh/ruff	false	2026-10-07	yes
pypi:semgrep	yes	LGPL-2.1-or-later	copyleft-or-restricted (check)	1.180.0	2026-10-07	semgrep/semgrep	false	2026-10-07	yes
pypi:vulture	yes	MIT License	permissive-or-weak	2.16	2026-03-25	jendrikseipp/vulture	false	2026-09-25	yes
pypi:zizmor	yes	MIT	permissive-or-weak	1.30.1	2026-09-09	zizmorcore/zizmor	false	2026-10-05	yes
