language	id	tool	tool_rule	source	needle	source_bytes	result	strength
neutral	API-006	buf	buf breaking	github:bufbuild/buf::README	breaking	10835	confirmed	weak (keyword in a README)
neutral	DOC-010	lychee	-	github:lycheeverse/lychee::README	links	43547	confirmed	weak (keyword in a README)
neutral	SEC-002	gitleaks	-	github:gitleaks/gitleaks::README	sarif	27690	confirmed	weak (keyword in a README)
neutral	SEC-006	osv-scanner	-	github:google/osv-scanner::README	vulnerab	11065	confirmed	weak (keyword in a README)
neutral	SEC-009	checkov	-	github:bridgecrewio/checkov::README	SARIF	23252	confirmed	weak (keyword in a README)
neutral	SUP-002	osv-scanner	-	github:google/osv-scanner::README	vulnerab	11065	confirmed	weak (keyword in a README)
neutral	SUP-008	zizmor	-	github:zizmorcore/zizmor::README	GitHub Actions	4884	confirmed	weak (keyword in a README)
python	API-001	griffe	check	github:mkdocstrings/griffe::README	breaking	10050	confirmed	weak (keyword in a README)
python	API-002	griffe	dump	github:mkdocstrings/griffe::README	API	10050	confirmed	weak (keyword in a README)
python	API-007	django-migration-linter	-	github:3YOURMIND/django-migration-linter::README	migration	4788	confirmed	weak (keyword in a README)
python	COR-001	ruff	DOC501,DOC201	https://docs.astral.sh/ruff/rules/	DOC501	946505	confirmed	strong (specific name in docs or source)
python	COR-001	ruff	DOC501,DOC201	https://docs.astral.sh/ruff/rules/	DOC201	946505	confirmed	strong (specific name in docs or source)
python	DOC-001	ruff	D100-D107	https://docs.astral.sh/ruff/rules/	D100	946505	confirmed	strong (specific name in docs or source)
python	DOC-001	ruff	D100-D107	https://docs.astral.sh/ruff/rules/	D107	946505	confirmed	strong (specific name in docs or source)
python	ERR-001	ruff	S110,BLE001,E722	https://docs.astral.sh/ruff/rules/	S110	946505	confirmed	strong (specific name in docs or source)
python	ERR-001	ruff	S110,BLE001,E722	https://docs.astral.sh/ruff/rules/	BLE001	946505	confirmed	strong (specific name in docs or source)
python	ERR-001	ruff	S110,BLE001,E722	https://docs.astral.sh/ruff/rules/	E722	946505	confirmed	strong (specific name in docs or source)
python	ERR-002	ruff	BLE001	https://docs.astral.sh/ruff/rules/	BLE001	946505	confirmed	strong (specific name in docs or source)
python	ERR-004	ruff	TRY002	https://docs.astral.sh/ruff/rules/	TRY002	946505	confirmed	strong (specific name in docs or source)
python	ERR-005	ruff	B904	https://docs.astral.sh/ruff/rules/	B904	946505	confirmed	strong (specific name in docs or source)
python	ERR-007	ruff	SIM115	https://docs.astral.sh/ruff/rules/	SIM115	946505	confirmed	strong (specific name in docs or source)
python	ERR-011	pyright	reportOptionalMemberAccess	github:microsoft/pyright::docs/configuration.md	reportOptionalMemberAccess	53151	confirmed	strong (specific name in docs or source)
python	EXT-001	pyright	reportMatchNotExhaustive	github:microsoft/pyright::docs/configuration.md	reportMatchNotExhaustive	53151	confirmed	strong (specific name in docs or source)
python	EXT-005	pylint	R0901	github:pylint-dev/pylint::doc/user_guide/checkers/features.rst	too-many-ancestors (R0901)	87951	confirmed	strong (specific name in docs or source)
python	MOD-002	pylint	R0401	github:pylint-dev/pylint::doc/user_guide/checkers/features.rst	cyclic-import (R0401)	87951	confirmed	strong (specific name in docs or source)
python	MOD-003	import-linter	forbidden contract	github:seddonym/import-linter::docs/contract_types	forbidden	80	confirmed	strong (specific name in docs or source)
python	RDB-001	ruff	format --check	github:astral-sh/ruff::README	format	19605	confirmed	weak (keyword in a README)
python	RDB-002	ruff	N (pep8-naming)	https://docs.astral.sh/ruff/rules/	N801	946505	confirmed	strong (specific name in docs or source)
python	RDB-003	complexipy	-	github:rohaquinlop/complexipy::README	ognitive	5773	confirmed	weak (keyword in a README)
python	RDB-004	ruff	PLR0913,FBT001,FBT002	https://docs.astral.sh/ruff/rules/	PLR0913	946505	confirmed	strong (specific name in docs or source)
python	RDB-005	jscpd	-	github:kucherenko/jscpd::README	Python	29718	confirmed	weak (keyword in a README)
python	RDB-006	vulture	-	github:jendrikseipp/vulture::README	unused	12887	confirmed	weak (keyword in a README)
python	RDB-007	ruff	PLR2004	https://docs.astral.sh/ruff/rules/	PLR2004	946505	confirmed	strong (specific name in docs or source)
python	SEC-001	semgrep	-	github:semgrep/semgrep::README	Python	20193	confirmed	weak (keyword in a README)
python	SEC-004	bandit	-	github:PyCQA/bandit::README	security	4516	confirmed	weak (keyword in a README)
python	SUP-006	deptry	DEP002	github:fpgmaas/deptry::docs/rules-violations.md	DEP002	5821	confirmed	strong (specific name in docs or source)
python	TYP-006	pyright	reportOptionalMemberAccess	github:microsoft/pyright::docs/configuration.md	reportOptionalMemberAccess	53151	confirmed	strong (specific name in docs or source)
python	TYP-007	ruff	FBT001,FBT002,FBT003	https://docs.astral.sh/ruff/rules/	FBT001	946505	confirmed	strong (specific name in docs or source)
python	WSP-006	jscpd	-	github:kucherenko/jscpd::README	duplicat	29718	confirmed	weak (keyword in a README)
rust	API-001	cargo-semver-checks	-	github:obi1kenobi/cargo-semver-checks::README	semver	32971	confirmed	weak (keyword in a README)
rust	API-002	cargo-public-api	-	github:cargo-public-api/cargo-public-api::README	public API	5560	confirmed	weak (keyword in a README)
rust	API-003	cargo-semver-checks	-	github:obi1kenobi/cargo-semver-checks::README	breaking	32971	confirmed	weak (keyword in a README)
rust	API-007	squawk	-	github:sbdchd/squawk::README	migration	11461	confirmed	weak (keyword in a README)
rust	API-009	clippy	clippy::exhaustive_enums	local:clippy-lints	exhaustive_enums	538321	confirmed	strong (specific name in docs or source)
rust	COR-001	clippy	clippy::missing_errors_doc	local:clippy-lints	missing_errors_doc	538321	confirmed	strong (specific name in docs or source)
rust	COR-006	miri	-	github:rust-lang/miri::README	undefined behavior	44544	confirmed	weak (keyword in a README)
rust	COR-007	clippy	clippy::float_cmp	local:clippy-lints	float_cmp	538321	confirmed	strong (specific name in docs or source)
rust	DOC-001	rustc	rustc:missing_docs	local:rustc-lints	missing-docs	35094	confirmed	strong (specific name in docs or source)
rust	ERR-001	clippy	clippy::let_underscore_must_use	local:clippy-lints	let_underscore_must_use	538321	confirmed	strong (specific name in docs or source)
rust	ERR-003	clippy	clippy::indexing_slicing	local:clippy-lints	indexing_slicing	538321	confirmed	strong (specific name in docs or source)
rust	ERR-011	rustc	rustc:unused_must_use	local:rustc-lints	unused-must-use	35094	confirmed	strong (specific name in docs or source)
rust	EXT-001	clippy	clippy::wildcard_enum_match_arm	local:clippy-lints	wildcard_enum_match_arm	538321	confirmed	strong (specific name in docs or source)
rust	EXT-003	clippy	clippy::unimplemented	local:clippy-lints	unimplemented	538321	confirmed	strong (specific name in docs or source)
rust	MOD-001	rustc	rustc:unreachable_pub	local:rustc-lints	unreachable-pub	35094	confirmed	strong (specific name in docs or source)
rust	MOD-002	cargo-modules	-	github:regexident/cargo-modules::README	acyclic	13576	confirmed	weak (keyword in a README)
rust	RDB-001	rustfmt	cargo fmt --check	local:cargo-fmt-help	--check	762	confirmed	strong (specific name in docs or source)
rust	RDB-002	rustc	rustc:non_snake_case	local:rustc-lints	non-snake-case	35094	confirmed	strong (specific name in docs or source)
rust	RDB-003	clippy	clippy::cognitive_complexity	local:clippy-lints	cognitive_complexity	538321	confirmed	strong (specific name in docs or source)
rust	RDB-004	clippy	clippy::too_many_arguments	local:clippy-lints	too_many_arguments	538321	confirmed	strong (specific name in docs or source)
rust	RDB-005	jscpd	-	github:kucherenko/jscpd::README	Rust	29718	confirmed	weak (keyword in a README)
rust	RDB-006	rustc	rustc:dead_code	local:rustc-lints	dead-code	35094	confirmed	strong (specific name in docs or source)
rust	SEC-001	semgrep	-	github:semgrep/semgrep::README	Rust	20193	confirmed	weak (keyword in a README)
rust	SEC-005	cargo-geiger	-	github:geiger-rs/cargo-geiger::README	unsafe	3262	confirmed	weak (keyword in a README)
rust	SEC-006	cargo-audit	-	github:rustsec/rustsec::cargo-audit/README.md	advisor	6469	confirmed	weak (keyword in a README)
rust	SUP-002	cargo-audit	-	github:rustsec/rustsec::cargo-audit/README.md	advisor	6469	confirmed	weak (keyword in a README)
rust	SUP-003	cargo-deny	cargo deny check licenses	github:EmbarkStudios/cargo-deny::README	licenses	4955	confirmed	weak (keyword in a README)
rust	SUP-004	cargo-deny	cargo deny check sources	github:EmbarkStudios/cargo-deny::README	sources	4955	confirmed	weak (keyword in a README)
rust	SUP-005	cargo-deny	cargo deny check bans	github:EmbarkStudios/cargo-deny::README	bans	4955	confirmed	weak (keyword in a README)
rust	SUP-006	cargo-machete	-	github:bnjbvr/cargo-machete::README	unused dependencies	5241	confirmed	weak (keyword in a README)
rust	TYP-006	clippy	clippy::unwrap_used	local:clippy-lints	unwrap_used	538321	confirmed	strong (specific name in docs or source)
rust	TYP-007	clippy	clippy::fn_params_excessive_bools	local:clippy-lints	fn_params_excessive_bools	538321	confirmed	strong (specific name in docs or source)
rust	WSP-006	jscpd	-	github:kucherenko/jscpd::README	duplicat	29718	confirmed	weak (keyword in a README)
typescript	API-001	api-extractor	-	https://cdn.jsdelivr.net/npm/@microsoft/api-extractor/README.md	API	4557	confirmed	weak (keyword in a README)
typescript	API-002	api-extractor	-	https://cdn.jsdelivr.net/npm/@microsoft/api-extractor/README.md	API	4557	confirmed	weak (keyword in a README)
typescript	API-007	squawk	-	github:sbdchd/squawk::README	migration	11461	confirmed	weak (keyword in a README)
typescript	ARC-005	dependency-cruiser	moreUnstable	github:sverweij/dependency-cruiser::doc/rules-reference.md	moreUnstable	53601	confirmed	strong (specific name in docs or source)
typescript	COR-001	eslint	jsdoc/require-throws	github:gajus/eslint-plugin-jsdoc::docs/rules/require-throws.md	require-throws	6726	confirmed	strong (specific name in docs or source)
typescript	DOC-001	typedoc	validation.notDocumented	github:TypeStrong/typedoc::site/options/validation.md	notDocumented	5054	confirmed	strong (specific name in docs or source)
typescript	ERR-001	eslint	no-empty,@typescript-eslint/no-floating-promises	github:eslint/eslint::docs/src/rules/no-empty.md	no-empty	1676	confirmed	strong (specific name in docs or source)
typescript	ERR-001	eslint	no-empty,@typescript-eslint/no-floating-promises	github:typescript-eslint/typescript-eslint::packages/eslint-plugin/docs/rules/no-floating-promises.mdx	floating	8408	confirmed	strong (specific name in docs or source)
typescript	ERR-003	tsc	noUncheckedIndexedAccess	https://raw.githubusercontent.com/microsoft/TypeScript-Website/v2/packages/tsconfig-reference/copy/en/options/noUncheckedIndexedAccess.md	noUncheckedIndexedAccess	1202	confirmed	strong (specific name in docs or source)
typescript	ERR-005	eslint	preserve-caught-error	github:eslint/eslint::docs/src/rules/preserve-caught-error.md	preserve-caught-error	8152	confirmed	strong (specific name in docs or source)
typescript	EXT-001	eslint	@typescript-eslint/switch-exhaustiveness-check	github:typescript-eslint/typescript-eslint::packages/eslint-plugin/docs/rules/switch-exhaustiveness-check.mdx	exhaustive	7756	confirmed	strong (specific name in docs or source)
typescript	MOD-001	api-extractor	-	https://cdn.jsdelivr.net/npm/@microsoft/api-extractor/README.md	API	4557	confirmed	weak (keyword in a README)
typescript	MOD-002	dependency-cruiser	no-circular	github:sverweij/dependency-cruiser::doc/rules-reference.md	no-circular	53601	confirmed	strong (specific name in docs or source)
typescript	MOD-003	eslint	import/no-internal-modules	github:import-js/eslint-plugin-import::docs/rules/no-internal-modules.md	no-internal-modules	2739	confirmed	strong (specific name in docs or source)
typescript	RDB-001	prettier	-	github:prettier/prettier::README	formatter	3381	confirmed	weak (keyword in a README)
typescript	RDB-002	eslint	@typescript-eslint/naming-convention	github:typescript-eslint/typescript-eslint::packages/eslint-plugin/docs/rules/naming-convention.mdx	naming	29246	confirmed	strong (specific name in docs or source)
typescript	RDB-004	eslint	max-depth,max-params	github:eslint/eslint::docs/src/rules/max-depth.md	max-depth	2445	confirmed	strong (specific name in docs or source)
typescript	RDB-004	eslint	max-depth,max-params	github:eslint/eslint::docs/src/rules/max-params.md	max-params	3022	confirmed	strong (specific name in docs or source)
typescript	RDB-005	jscpd	-	github:kucherenko/jscpd::README	TypeScript	29718	confirmed	weak (keyword in a README)
typescript	RDB-006	knip	-	github:webpro-nl/knip::README	unused	2742	confirmed	weak (keyword in a README)
typescript	RDB-007	eslint	no-magic-numbers	github:eslint/eslint::docs/src/rules/no-magic-numbers.md	no-magic-numbers	8336	confirmed	strong (specific name in docs or source)
typescript	SEC-001	semgrep	-	github:semgrep/semgrep::README	TypeScript	20193	confirmed	weak (keyword in a README)
typescript	SEC-004	semgrep	-	github:semgrep/semgrep::README	SAST	20193	confirmed	weak (keyword in a README)
typescript	SUP-003	license-checker-rseidelsohn	-	github:RSeidelsohn/license-checker-rseidelsohn::README	licen	19857	confirmed	weak (keyword in a README)
typescript	SUP-005	npm	npm ls --all --json	github:npm/cli::docs/lib/content/commands/npm-ls.md	--all	1747	confirmed	strong (specific name in docs or source)
typescript	SUP-005	npm	npm ls --all --json	github:npm/cli::workspaces/config/lib/definitions/definitions.js	'json'	97679	confirmed	strong (specific name in docs or source)
typescript	SUP-006	knip	-	github:webpro-nl/knip::README	dependencies	2742	confirmed	weak (keyword in a README)
typescript	SUP-009	cyclonedx-npm	-	github:CycloneDX/cyclonedx-node-npm::README	SBOM	11272	confirmed	weak (keyword in a README)
typescript	TYP-006	eslint	@typescript-eslint/no-non-null-assertion	github:typescript-eslint/typescript-eslint::packages/eslint-plugin/docs/rules/no-non-null-assertion.mdx	non-null	1492	confirmed	strong (specific name in docs or source)
typescript	WSP-006	jscpd	-	github:kucherenko/jscpd::README	duplicat	29718	confirmed	weak (keyword in a README)
